{"cameraMode":{"drawMode":0,"name":"Shaded","section":"Shading Mode"},"sceneLighting":true,"audioPlay":false,"sceneViewState":{"m_AlwaysRefresh":true,"showFog":true,"showSkybox":true,"showFlares":true,"showImageEffects":true,"showParticleSystems":true,"showVisualEffectGraphs":true,"m_FxEnabled":true},"in2DMode":false,"pivot":{"x":221.89041137695313,"y":-4.56942892074585,"z":-27.470083236694337},"rotation":{"x":0.38125190138816836,"y":0.30459800362586977,"z":-0.1346614956855774,"w":0.8624106049537659},"size":11.371062278747559,"orthographic":false}