{"cameraMode":{"drawMode":0,"name":"Shaded","section":"Shading Mode"},"sceneLighting":true,"audioPlay":false,"sceneViewState":{"m_AlwaysRefresh":true,"showFog":true,"showSkybox":true,"showFlares":true,"showImageEffects":true,"showParticleSystems":true,"showVisualEffectGraphs":true,"m_FxEnabled":true},"in2DMode":false,"pivot":{"x":228.63084411621095,"y":2.308685302734375,"z":-51.11250305175781},"rotation":{"x":-0.018525009974837304,"y":0.8500552177429199,"z":-0.02997843734920025,"w":-0.5255380272865295},"size":19.228939056396486,"orthographic":false}