{"cameraMode":{"drawMode":0,"name":"Shaded","section":"Shading Mode"},"sceneLighting":true,"audioPlay":false,"sceneViewState":{"m_AlwaysRefresh":true,"showFog":true,"showSkybox":true,"showFlares":true,"showImageEffects":true,"showParticleSystems":true,"showVisualEffectGraphs":true,"m_FxEnabled":true},"in2DMode":false,"pivot":{"x":240.628173828125,"y":2.1657838821411135,"z":-47.027549743652347},"rotation":{"x":0.02493417263031006,"y":-0.9704726338386536,"z":0.21065405011177064,"w":0.11486838757991791},"size":4.9013190269470219,"orthographic":false}